avg(acceleration_a (0)),avg(acceleration_a (1)),avg(acceleration_a (Magnitude)),avg(displacement_d (0)),avg(displacement_d (1)),avg(displacement_d (Magnitude)),avg(velocity_v (0)),avg(velocity_v (1)),avg(velocity_v (Magnitude)),Time
0.000000000000e+00,0.000000000000e+00,0.000000000000e+00,0.000000000000e+00,0.000000000000e+00,0.000000000000e+00,0.000000000000e+00,0.000000000000e+00,0.000000000000e+00,0.000000000000e+00
0.000000000000e+00,0.000000000000e+00,0.000000000000e+00,0.000000000000e+00,0.000000000000e+00,0.000000000000e+00,0.000000000000e+00,0.000000000000e+00,0.000000000000e+00,3.061520000000e-03
0.000000000000e+00,0.000000000000e+00,0.000000000000e+00,0.000000000000e+00,0.000000000000e+00,0.000000000000e+00,0.000000000000e+00,0.000000000000e+00,0.000000000000e+00,6.123050000000e-03
0.000000000000e+00,0.000000000000e+00,0.000000000000e+00,0.000000000000e+00,0.000000000000e+00,0.000000000000e+00,0.000000000000e+00,0.000000000000e+00,0.000000000000e+00,9.184570000000e-03
-1.314153003539e-156,-1.110445572125e-155,1.118194683327e-155,-3.170840463938e-162,-7.819789920672e-162,8.316801694027e-162,-4.394283640795e-159,-1.234164445582e-158,1.310060763195e-158,1.224610000000e-02
1.445213670561e-152,3.895469231456e-152,4.154915533052e-152,-1.603865025801e-160,4.815897723582e-160,5.075975121159e-160,2.171078554417e-156,8.143397742250e-156,8.427841294064e-156,1.530760000000e-02
-4.133220627511e-152,-7.732191687138e-151,7.743230812406e-151,3.220051014184e-158,7.620924354345e-158,8.273283298574e-158,8.419398366930e-155,9.227267209437e-155,1.249114602490e-154,1.836910000000e-02
9.009647011524e-149,6.017662560288e-149,1.083448208092e-148,2.254631468859e-155,8.560475895125e-156,2.411675877037e-155,4.421315018977e-152,1.903571727388e-152,4.813690041781e-152,2.143070000000e-02
4.693697924760e-146,1.771685490389e-146,5.016938278049e-146,1.696787647452e-152,5.887709412245e-153,1.796034393261e-152,2.839255877143e-149,9.996021835990e-150,3.010079477580e-149,2.449220000000e-02
-5.137404938546e-144,-1.776813829729e-144,5.435990883741e-144,8.111160891153e-151,2.712981964526e-151,8.552847604279e-151,-7.517090302699e-148,-2.680855806209e-148,7.980829184528e-148,2.755370000000e-02
-1.847416070243e-140,-6.229955455819e-141,1.949633192784e-140,-5.367869473788e-147,-1.812861873504e-147,5.665729508195e-147,-1.003855730455e-143,-3.387676774237e-144,1.059476222874e-143,3.061520000000e-02
-7.871082224692e-138,-2.627126419324e-138,8.297935201662e-138,-3.075137638705e-144,-1.029514371533e-144,3.242895517616e-144,-4.975473412503e-141,-1.663449160760e-141,5.246179446889e-141,3.367680000000e-02
2.166498765393e-135,7.499548947764e-136,2.292629329972e-135,2.213000016701e-142,8.109598287254e-143,2.356910035985e-142,8.155358579847e-139,2.862450485596e-139,8.643118438872e-139,3.673830000000e-02
4.022143767076e-132,1.362457786723e-132,4.246637693945e-132,1.207628637556e-138,4.097390728736e-139,1.275246264093e-138,2.218044650745e-135,7.519192186060e-136,2.342030013473e-135,3.979980000000e-02
1.888663268396e-129,6.360710863942e-130,1.992896226183e-129,6.993806947492e-136,2.358769492711e-136,7.380862357377e-136,1.156770578891e-132,3.898721046658e-133,1.220704071503e-132,4.286130000000e-02
1.422714766747e-127,4.564968618364e-128,1.494157519269e-127,1.177452511452e-133,3.903367689202e-134,1.240466529132e-133,1.430720239558e-130,4.698852487175e-131,1.505905890434e-130,4.592290000000e-02
-3.289919222650e-124,-1.125141820911e-124,3.476997642899e-124,-8.707335893492e-131,-2.988811578300e-131,9.206013958966e-131,-1.715626392600e-127,-5.876546141975e-128,1.813480593934e-127,4.898440000000e-02
-2.264503937871e-121,-7.700076378418e-122,2.391838173240e-121,-7.660945964542e-128,-2.607208187780e-128,8.092442622970e-128,-1.322825042375e-124,-4.499903863866e-125,1.397267848544e-124,5.204590000000e-02
-7.780832062566e-119,-2.636530821986e-119,8.215390578734e-119,-3.050346769384e-125,-1.034623145360e-125,3.221034067874e-125,-4.897009413802e-122,-1.660204271344e-122,5.170781316344e-122,5.510740000000e-02
-7.029904688857e-117,-2.311818473432e-117,7.400274629263e-117,-4.952499110909e-123,-1.659321934063e-123,5.223083066965e-123,-6.290494507205e-120,-2.094889942222e-120,6.630149697797e-120,5.816900000000e-02
1.180934817366e-113,4.085340217952e-114,1.249602772817e-113,2.980139165442e-120,1.032515759165e-120,3.153936942667e-120,6.020047663907e-117,2.082782043999e-117,6.370161294545e-117,6.123050000000e-02
1.057595105073e-110,3.621298200607e-111,1.117875401309e-110,3.382199960542e-117,1.160201489862e-117,3.575659948901e-117,6.001539174667e-114,2.057059818369e-114,6.344286213705e-114,6.429200000000e-02
5.178017465025e-108,1.774932616290e-108,5.473778462861e-108,1.848632212091e-114,6.331968234766e-115,1.954067366506e-114,3.103460194680e-111,1.063260936508e-111,3.280547057896e-111,6.735350000000e-02
1.474942464961e-105,5.011778305284e-106,1.557765865834e-105,6.074846969909e-112,2.072193654378e-112,6.418547518641e-112,9.522894705652e-109,3.243846594482e-109,1.006022188142e-108,7.041510000000e-02
1.003204346604e-103,2.055818196165e-104,1.024052169375e-103,8.057662771219e-110,2.629463341329e-110,8.475848441194e-110,9.763365664847e-107,2.932079308489e-107,1.019413547962e-106,7.347660000000e-02
-1.066938721049e-100,-5.898061570760e-101,1.219110141619e-100,-2.692754340727e-107,-1.114993013597e-107,2.914469996393e-107,-5.439153176276e-104,-2.534320896428e-104,6.000597443677e-104,7.653810000000e-02
-3.005157993357e-98,-1.039227114965e-98,3.179774765847e-98,-1.301139771234e-104,-4.280467737597e-105,1.369740393218e-104,-2.006641985539e-101,-6.548712230644e-102,2.110798042667e-101,7.959960000000e-02
9.155537925397e-96,3.581512233931e-96,9.831129364686e-96,1.418661114264e-102,6.178583130948e-103,1.547368169566e-102,3.925166966587e-99,1.587865333653e-99,4.234176665351e-99,8.266120000000e-02
8.754756592595e-93,3.280656536618e-93,9.349249718926e-93,2.937497687480e-99,1.093850263914e-99,3.134549579097e-99,5.114841850139e-96,1.908092449957e-96,5.459159637666e-96,8.572270000000e-02
7.448179547523e-91,4.034800010642e-91,8.470831700489e-91,6.325496341252e-97,2.735506312675e-97,6.891654282527e-97,7.752879140003e-94,3.603808352520e-94,8.549536221409e-94,8.878420000000e-02
-3.545334836875e-87,-1.061953761868e-87,3.700965400799e-87,-8.876484913363e-94,-2.604887165765e-94,9.250806535839e-94,-1.790384614317e-90,-5.332869492374e-91,1.868119920511e-90,9.184570000000e-02
-5.277966422297e-84,-1.712643322551e-84,5.548880671376e-84,-1.507543191408e-90,-4.842480097212e-91,1.583408541369e-90,-2.823526542270e-87,-9.111621396389e-88,2.966903870976e-87,9.490730000000e-02
-6.683339949804e-81,-2.208128744867e-81,7.038669294586e-81,-1.923250530796e-87,-6.338407153715e-88,2.025005347318e-87,-3.584703412110e-84,-1.183124741855e-84,3.774901681843e-84,9.796880000000e-02
-9.255290214487e-78,-3.156976605044e-78,9.778900666188e-78,-2.606529232146e-84,-8.814756535917e-85,2.751543924037e-84,-4.908441236530e-81,-1.666374801464e-81,5.183589523816e-81,1.010300000000e-01
-1.604232302785e-74,-6.589813763460e-75,1.734306125132e-74,-4.256722611667e-81,-1.535341934068e-81,4.525147759707e-81,-8.222697108722e-78,-3.106897078610e-78,8.790082889192e-78,1.040900000000e-01
-3.406494555379e-71,-1.185190101217e-71,3.606782601135e-71,-8.921574373521e-78,-3.103055144606e-78,9.445816033183e-78,-1.742500514284e-74,-6.058915352149e-75,1.844834029046e-74,1.071500000000e-01
-8.138862056774e-68,-2.857240104341e-68,8.625827299050e-68,-2.121867882515e-74,-7.423677731800e-75,2.247984257397e-74,-4.156047885442e-71,-1.456505060842e-71,4.403877952254e-71,1.102100000000e-01
-1.782409888305e-64,-6.213575451243e-65,1.887609654778e-64,-4.731865814932e-71,-1.649305548058e-71,5.011064046824e-71,-9.187442851281e-68,-3.202249228757e-68,9.729517268016e-68,1.132800000000e-01
-3.341387742951e-61,-1.164424784456e-61,3.538468189400e-61,-9.101958029513e-68,-3.172021447011e-68,9.638846405629e-68,-1.744880478855e-64,-6.080773173390e-65,1.847800289358e-64,1.163400000000e-01
-5.237433969898e-58,-1.824527780566e-58,5.546135249983e-58,-1.468947415906e-64,-5.117706509590e-65,1.555543541621e-64,-2.775440707440e-61,-9.669055333037e-62,2.939043625203e-61,1.194000000000e-01
-6.829068597218e-55,-2.378534172542e-55,7.231431581330e-55,-1.975883296454e-61,-6.882149041360e-62,2.092308427427e-61,-3.675868066743e-58,-1.280308115471e-58,3.892453585419e-58,1.224600000000e-01
-7.400942198400e-52,-2.576948829828e-52,7.836747456414e-52,-2.212583658654e-58,-7.704500457384e-59,2.342887047965e-58,-4.049697731559e-55,-1.410116142174e-55,4.288179013453e-55,1.255200000000e-01
-6.667197469151e-49,-2.320937349307e-49,7.059622672074e-49,-2.062827582222e-55,-7.181248230590e-56,2.184252937613e-55,-3.711638426952e-52,-1.292092576416e-52,3.930109799796e-52,1.285800000000e-01
-4.992861122476e-46,-1.737580234952e-46,5.286572354677e-46,-1.601489918535e-52,-5.573708840585e-53,1.695709957972e-52,-2.830330119970e-49,-9.850200878435e-50,2.996837193019e-49,1.316500000000e-01
-3.107715657145e-43,-1.081222764644e-43,3.290431472079e-43,-1.035330908290e-49,-3.602289515757e-50,1.096209371979e-49,-1.795571916631e-46,-6.247259306994e-47,1.901147284216e-46,1.347100000000e-01
-1.607046853713e-40,-5.589417645852e-41,1.701474503549e-40,-5.572036353659e-47,-1.938129692043e-47,5.899486064876e-47,-9.473531498113e-44,-3.295077664982e-44,1.003022112737e-43,1.377700000000e-01
-6.899215853199e-38,-2.398799533191e-38,7.304342447439e-38,-2.495173474181e-44,-8.676198011879e-45,2.641714364890e-44,-4.154278527532e-41,-1.444465967354e-41,4.398239649583e-41,1.408300000000e-01
-2.456458684168e-35,-8.537799171304e-36,2.600601740736e-35,-9.289490347838e-42,-3.228998728042e-42,9.834686762082e-42,-1.512720528168e-38,-5.257934165350e-39,1.601493713135e-38,1.438900000000e-01
-7.243900399962e-33,-2.516729812190e-33,7.668638859154e-33,-2.872195763143e-39,-9.979838878038e-40,3.040638147187e-39,-4.568497848507e-36,-1.587305471538e-36,4.836394447498e-36,1.469500000000e-01
-1.766242797753e-30,-6.133732297294e-31,1.869716646865e-30,-7.364771660849e-37,-2.557915716249e-37,7.796332113749e-37,-1.142532657957e-33,-3.967981433000e-34,1.209474944355e-33,1.500100000000e-01
-3.553343548541e-28,-1.233396086036e-28,3.761318422974e-28,-1.563415161172e-34,-5.427512642036e-35,1.654945890650e-34,-2.361658600197e-31,-8.198106382457e-32,2.499904163457e-31,1.530800000000e-01
-5.883544488624e-26,-2.041140129582e-26,6.227547573340e-26,-2.741865885469e-32,-9.513746180958e-33,2.902230555599e-32,-4.025490110753e-29,-1.396654238518e-29,4.260893532317e-29,1.561400000000e-01
-7.993745183049e-24,-2.771575432732e-24,8.460590548587e-24,-3.962645630000e-30,-1.374186999462e-30,4.194156685014e-30,-5.642611430000e-27,-1.956588045645e-27,5.972210690383e-27,1.592000000000e-01
-8.880180691052e-22,-3.076880301872e-22,9.398127552751e-22,-4.705472204042e-28,-1.630766441574e-28,4.980046972667e-28,-6.483182250222e-25,-2.246611002249e-25,6.861407514863e-25,1.622600000000e-01
-8.031944468724e-20,-2.780905781697e-20,8.499739343965e-20,-4.574950789166e-26,-1.584422932754e-26,4.841546318391e-26,-6.082434040965e-23,-2.106220514767e-23,6.436782481918e-23,1.653200000000e-01
-5.885426718927e-18,-2.035999296916e-18,6.227643278232e-18,-3.627118553487e-24,-1.255177024261e-24,3.838158199355e-24,-4.638603087806e-21,-1.604945730003e-21,4.908410068694e-21,1.683800000000e-01
-3.473114679594e-16,-1.200330667989e-16,3.674686284586e-16,-2.333746801721e-22,-8.068831862885e-23,2.469298404579e-22,-2.860274669889e-19,-9.887340903721e-20,3.026345368373e-19,1.714500000000e-01
-1.638968552907e-14,-5.658094080574e-15,1.733885291380e-14,-1.211796559059e-20,-4.185485537144e-21,1.282042820020e-20,-1.417123728784e-17,-4.893493619165e-18,1.499233957957e-17,1.745100000000e-01
-6.132399058642e-13,-2.114298505020e-13,6.486646004120e-13,-5.044624405115e-19,-1.740351864257e-19,5.336390165656e-19,-5.599365150569e-16,-1.931149237537e-16,5.923025195544e-16,1.775700000000e-01
-1.800459363919e-11,-6.197974164166e-12,1.904154079511e-11,-1.670586347507e-17,-5.755524781567e-18,1.766952008287e-17,-1.748652552666e-14,-6.022160014172e-15,1.849445825730e-14,1.806300000000e-01
-4.094754095765e-10,-1.406963283386e-10,4.329729412513e-10,-4.360362755350e-16,-1.499816077587e-16,4.611096575093e-16,-4.269444900420e-13,-1.467805505159e-13,4.514710705981e-13,1.836900000000e-01
-7.096624419722e-09,-2.432744579076e-09,7.502021350384e-09,-8.870540048720e-15,-3.045241063139e-15,9.378697878095e-15,-8.041019581710e-12,-2.758603321582e-12,8.501052181894e-12,1.867500000000e-01
-9.173452068671e-08,-3.135260747049e-08,9.694435662182e-08,-1.387618089469e-13,-4.752285048689e-14,1.466739954478e-13,-1.148650183789e-10,-3.930161908608e-11,1.214025935060e-10,1.898100000000e-01
-8.587857623482e-07,-2.923175520001e-07,9.071728263232e-07,-1.641511761699e-12,-5.604800489597e-13,1.734560102469e-12,-1.217664310022e-09,-4.151852931599e-10,1.286501146349e-09,1.928800000000e-01
-5.576265679698e-06,-1.886756061866e-06,5.886814704708e-06,-1.438291368475e-11,-4.891402528073e-12,1.519190655430e-11,-9.303700242570e-09,-3.157161670960e-09,9.824790482253e-09,1.959400000000e-01
-2.339736021873e-05,-7.838010240691e-06,2.467530890867e-05,-9.093265356653e-11,-3.075551838714e-11,9.599296534597e-11,-4.918021090872e-08,-1.657144092316e-08,5.189706927463e-08,1.990000000000e-01
-5.501044614109e-05,-1.803678939264e-05,5.789192479298e-05,-4.014902095505e-10,-1.347053284849e-10,4.234854352716e-10,-1.691657706781e-07,-5.633521603414e-08,1.782995079486e-07,2.020600000000e-01
-4.434563905674e-05,-1.314302291171e-05,4.625229458750e-05,-1.191913168961e-09,-3.948494656731e-10,1.255612640461e-09,-3.426066151763e-07,-1.114340424918e-07,3.602732832013e-07,2.051200000000e-01
4.894850821342e-05,1.901509837929e-05,5.251219308593e-05,-2.312010936288e-09,-7.496062918902e-10,2.430494633271e-09,-3.430346775193e-07,-1.044206870227e-07,3.585756124711e-07,2.081800000000e-01
4.105011265211e-05,1.419066335368e-05,4.343370436848e-05,-3.070198695164e-09,-9.617139773524e-10,3.217299147114e-09,-1.558765520920e-07,-3.642952489596e-08,1.600768870769e-07,2.112500000000e-01
-3.411563368694e-05,-1.177841862342e-05,3.609165564407e-05,-3.525854452761e-09,-1.067032494737e-09,3.683776318790e-09,-1.806962960805e-07,-4.579896957364e-08,1.864100239559e-07,2.143100000000e-01
5.268175387797e-05,1.843998440142e-05,5.581577031972e-05,-4.105076429444e-09,-1.214678494837e-09,4.281015806721e-09,-1.516898450188e-07,-3.462639743619e-08,1.555917622538e-07,2.173700000000e-01
-2.872123125104e-05,-1.070727385558e-05,3.065215878195e-05,-4.407149541100e-09,-1.265995042992e-09,4.585380085282e-09,-8.951767470049e-08,-1.459441408231e-08,9.069956453142e-08,2.204300000000e-01
4.089416951269e-05,1.409540515726e-05,4.325521409819e-05,-4.769522953320e-09,-1.343053289117e-09,4.955011739608e-09,-1.086026419046e-07,-2.198239995456e-08,1.108050528469e-07,2.234900000000e-01
-3.016375377192e-05,-1.135941402039e-05,3.223179064991e-05,-4.960522366510e-09,-1.363735837852e-09,5.144565830475e-09,-5.641203061690e-08,-5.935349479453e-09,5.672341290653e-08,2.265500000000e-01
4.233345992046e-05,1.424381669686e-05,4.466551402291e-05,-5.197622709910e-09,-1.406754567297e-09,5.384630000955e-09,-5.608433200671e-08,-7.189650791658e-09,5.654328762236e-08,2.296100000000e-01
-2.855060880528e-05,-1.062120537858e-05,3.046222688587e-05,-5.298364509698e-09,-1.407933543864e-09,5.482238898622e-09,-5.224797957326e-08,-8.488454231511e-09,5.293302584142e-08,2.326800000000e-01
1.834660349878e-05,5.405082636730e-06,1.912623272501e-05,-5.430745869244e-09,-1.426761965326e-09,5.615037880728e-09,-5.049906835695e-09,6.168514712926e-09,7.971959157747e-09,2.357400000000e-01
1.725529325963e-05,5.544474854349e-06,1.812419230990e-05,-5.499007695252e-09,-1.430693321993e-09,5.682074358369e-09,-4.034743997337e-08,-8.680502498063e-09,4.127065587101e-08,2.388000000000e-01
-2.968532681407e-05,-1.135115302900e-05,3.178155602147e-05,-5.516982489606e-09,-1.424013551267e-09,5.697798731511e-09,-2.415315697719e-09,1.889494972124e-09,3.066584609843e-09,2.418600000000e-01
3.383267661218e-05,1.069155597156e-05,3.548181753853e-05,-5.532468038547e-09,-1.424600082146e-09,5.712940398043e-09,3.363525868679e-08,1.209475346534e-08,3.574372236232e-08,2.449200000000e-01
7.266476060136e-05,2.409157402351e-05,7.655436873349e-05,-5.370628998800e-09,-1.372821054968e-09,5.543310697743e-09,8.998254284417e-08,2.800650861262e-08,9.424023844076e-08,2.479800000000e-01
1.139095514043e-04,3.619690661868e-05,1.195223909981e-04,-4.640196785807e-09,-1.138059852113e-09,4.777719794840e-09,3.948748568174e-07,1.268817196109e-07,4.147591148100e-07,2.510500000000e-01
1.596798248379e-04,4.826604368535e-05,1.668150395896e-04,-2.628127814716e-09,-4.910681844155e-10,2.673612494777e-09,9.493140022931e-07,3.041920316638e-07,9.968600037505e-07,2.541100000000e-01
-4.138849493194e-05,-2.224336454682e-05,4.698696392718e-05,7.067667032191e-10,5.525134637002e-10,8.971010535883e-10,1.143524495174e-06,3.475084501837e-07,1.195161241846e-06,2.571700000000e-01
-1.706073859063e-04,-6.117197293769e-05,1.812426285366e-04,3.483894471519e-09,1.334908697587e-09,3.730884870855e-09,5.992994121003e-07,1.418208135796e-07,6.158513850826e-07,2.602300000000e-01
7.586152874557e-05,2.607620492382e-05,8.021807780572e-05,4.974757076643e-09,1.646306219207e-09,5.240088943807e-09,4.868913591234e-07,1.013052606962e-07,4.973187623987e-07,2.632900000000e-01
-1.384770108488e-04,-5.068970002716e-05,1.474629723777e-04,6.818490914860e-09,2.072807647394e-09,7.126594551335e-09,6.035319613240e-07,1.363480600602e-07,6.187419670766e-07,2.663500000000e-01
1.837606889387e-05,7.574332740080e-06,1.987587543857e-05,8.033580581639e-09,2.266174600403e-09,8.347093163563e-09,2.870506718935e-07,2.559900388704e-08,2.881898631710e-07,2.694100000000e-01
-1.823972660775e-05,-7.434974996585e-06,1.969686472323e-05,9.161847061392e-09,2.434037066634e-09,9.479661281823e-09,4.429117974960e-07,8.042315385410e-08,4.501541336442e-07,2.724800000000e-01
5.059578357046e-05,1.960441296553e-05,5.426109400696e-05,1.003808001926e-08,2.511918222223e-09,1.034759796418e-08,1.673963124463e-07,-1.454089663869e-08,1.680266737624e-07,2.755400000000e-01
-7.363470197780e-05,-2.580495285459e-05,7.802541206035e-05,1.085963258082e-08,2.579527122493e-09,1.116179107340e-08,2.845806283935e-07,2.796802158268e-08,2.859516467659e-07,2.786000000000e-01
7.041550314592e-05,2.632422498459e-05,7.517518143864e-05,1.139223707430e-08,2.550387823649e-09,1.167422561064e-08,1.322786404262e-07,-2.192068525931e-08,1.340826430051e-07,2.816600000000e-01
-1.470147590638e-04,-5.050002557007e-05,1.554464279589e-04,1.201927466043e-08,2.564135505392e-09,1.228974183020e-08,1.331003460712e-07,-2.013656517993e-08,1.346149448669e-07,2.847200000000e-01
1.976416967124e-05,7.222116580943e-06,2.104237084319e-05,1.234545107772e-08,2.481399860881e-09,1.259235909518e-08,1.852249311775e-07,2.389187494985e-09,1.852403394150e-07,2.877800000000e-01
4.244848251797e-06,3.264711504531e-06,5.355098308024e-06,1.268920019873e-08,2.413506414981e-09,1.291668745842e-08,3.837418279789e-08,-4.620949394945e-08,6.006575760340e-08,2.908400000000e-01
-1.243811580807e-04,-4.291499635931e-05,1.315764773735e-04,1.298522268769e-08,2.340163475588e-09,1.319440689616e-08,8.593211913248e-08,-2.671593678542e-08,8.998927923326e-08,2.939100000000e-01
1.041915552064e-05,4.410220454502e-06,1.131409944364e-05,1.301432374082e-08,2.183907469448e-09,1.319629017058e-08,5.344443704601e-08,-3.321971070374e-08,6.292739491195e-08,2.969700000000e-01
-3.505621873855e-05,-8.624367330014e-06,3.610149836347e-05,1.265241331402e-08,1.905807187462e-09,1.279514219165e-08,-2.844077084647e-07,-1.448040307031e-07,3.191487927942e-07,3.000300000000e-01
-2.417630461317e-04,-7.783250401269e-05,2.539828127173e-04,1.119961984838e-08,1.277754973875e-09,1.127227317454e-08,-7.872117090926e-07,-3.068545072565e-07,8.449035232239e-07,3.030900000000e-01
-4.937592712438e-05,-9.665084715659e-06,5.031298084941e-05,8.160484025609e-09,1.551381574717e-10,8.161958550503e-09,-1.085429383471e-06,-3.868151322817e-07,1.152294620774e-06,3.061500000000e-01
3.035838824576e-04,1.090799842979e-04,3.225858283658e-04,5.065941648040e-09,-9.154129065503e-10,5.147984612528e-09,-7.028059905415e-07,-2.330134426299e-07,7.404265829826e-07,3.092100000000e-01
6.404010897561e-05,2.263983821410e-05,6.792420652440e-05,3.458043141082e-09,-1.433424807763e-09,3.743363333300e-09,-4.515492490111e-07,-1.426028925007e-07,4.735317404695e-07,3.122800000000e-01
3.457185872571e-05,1.492848938729e-05,3.765731285071e-05,1.782426650188e-09,-1.969984116127e-09,2.656667495396e-09,-6.881891025770e-07,-2.221234880865e-07,7.231480380015e-07,3.153400000000e-01
7.998515456678e-06,1.189040337065e-06,8.086412457567e-06,3.188008342451e-10,-2.418476001457e-09,2.439397495600e-09,-3.009949503497e-07,-8.490624260915e-08,3.127411552227e-07,3.184000000000e-01
-8.356533897359e-05,-2.965405446509e-05,8.867090178852e-05,-7.264392939565e-10,-2.726760427525e-09,2.821867551271e-09,-4.035720014638e-07,-1.234923758944e-07,4.220435134788e-07,3.214600000000e-01
1.193717034914e-04,4.022563487479e-05,1.259670802056e-04,-1.855171305684e-09,-3.068873566441e-09,3.586034793506e-09,-1.561220865378e-07,-3.861162234789e-08,1.608258787797e-07,3.245200000000e-01
9.186637961163e-05,2.134045544092e-05,9.431249514976e-05,-2.649252145919e-09,-3.302248929055e-09,4.233601885169e-09,-3.215884292301e-07,-1.034789386528e-07,3.378268914095e-07,3.275800000000e-01
7.204437283844e-05,6.187370600728e-05,9.496708457544e-05,-3.383236309949e-09,-3.538753084226e-09,4.895820801467e-09,-1.384036344326e-07,-1.586753562372e-08,1.393102462524e-07,3.306400000000e-01
2.268562857335e-04,3.758525676605e-06,2.268874189815e-04,-4.110406582566e-09,-3.817665517140e-09,5.609813925146e-09,-2.575121804109e-07,-2.212169467439e-07,3.394841094760e-07,3.337100000000e-01
-4.110164870341e-04,-2.473214933834e-04,4.796899766550e-04,-4.470838256742e-09,-3.651798051561e-09,5.772696400066e-09,-3.876638253299e-07,2.536286989662e-07,4.632610046278e-07,3.367700000000e-01
4.779707743259e-04,1.355737512812e-03,1.437525744033e-03,-5.057002074517e-09,-5.201717482282e-09,7.254731886648e-09,5.843775703892e-07,-5.226497573725e-07,7.840024959498e-07,3.398300000000e-01
-2.023063186690e-04,-4.238680479289e-03,4.243505632385e-03,-6.234695858978e-09,-1.960472825699e-09,6.535662640794e-09,-2.014952713455e-06,-4.459124557609e-07,2.063703553242e-06,3.428900000000e-01
-1.984431774721e-03,7.810777949290e-03,8.058921865959e-03,-3.809625302382e-09,-8.802461225691e-09,9.591484169530e-09,2.929827244709e-06,3.163511877724e-06,4.311808794965e-06,3.459500000000e-01
4.682776608381e-03,-8.771485118926e-03,9.943206120540e-03,-1.046148333135e-08,7.497116719649e-11,1.046175196456e-08,-3.598792746422e-06,-7.688108368450e-06,8.488717189112e-06,3.490100000000e-01
-5.490383908737e-03,3.886627248737e-03,6.726825910929e-03,-2.209518148279e-09,-1.056357419355e-08,1.079217634169e-08,2.800911022581e-06,8.361241178810e-06,8.817905454622e-06,3.520800000000e-01
1.141541144407e-03,1.395388689382e-03,1.802838256425e-03,-7.159052545787e-09,-9.053606176117e-10,7.216073115017e-09,-1.762881888538e-06,-2.081645637183e-06,2.727819845910e-06,3.551400000000e-01
4.096923455351e-03,1.960651041642e-04,4.101612283490e-03,-9.914435736716e-09,-1.188903459606e-08,1.548047737003e-08,1.894925271913e-06,-7.659531885860e-06,7.890448054238e-06,3.582000000000e-01
-2.866004857315e-03,-3.506148286680e-03,4.528472109922e-03,4.922488702754e-10,-1.069953035765e-08,1.071084771736e-08,5.584386745261e-07,5.662542188834e-06,5.690012108382e-06,3.612600000000e-01
-2.829914466039e-03,-1.619785276319e-03,3.260693212567e-03,-2.878595709738e-09,-6.512843123718e-10,2.951352997468e-09,-3.086681612286e-06,3.973562306296e-06,5.031580345939e-06,3.643200000000e-01
1.638420113745e-03,3.676095770186e-03,4.024686395324e-03,-1.310499633643e-08,-1.109199779826e-08,1.716896456210e-08,-5.106062940467e-07,-6.699206542491e-06,6.718637293862e-06,3.673800000000e-01
3.049068842208e-03,2.637466430626e-03,4.031507159512e-03,-1.104568458849e-08,-3.123257039370e-08,3.312824476826e-08,3.385962005105e-06,-8.445468390470e-06,9.098938126751e-06,3.704400000000e-01
8.082842220513e-04,-2.239526237092e-03,2.380924431863e-03,2.171934502198e-09,-4.038849663756e-08,4.044685352563e-08,3.874022049326e-06,-2.198699233127e-06,4.454472489130e-06,3.735100000000e-01
-1.589317515898e-03,-3.395207180991e-03,3.748781397760e-03,1.535039231936e-08,-3.671426514181e-08,3.979411777213e-08,2.658062031507e-06,3.872139558597e-06,4.696675262842e-06,3.765700000000e-01
-2.321037858522e-03,-2.016333044423e-04,2.329779545397e-03,2.328075448743e-08,-2.752753235026e-08,3.605216452307e-08,1.712078740875e-06,5.760377229476e-06,6.009422554690e-06,3.796300000000e-01
-1.237036500053e-03,3.729245555321e-03,3.929062447244e-03,2.660270511959e-08,-1.818729524270e-08,3.222548103481e-08,1.502115617956e-06,4.430306170897e-06,4.678029937655e-06,3.826900000000e-01
1.224650380873e-03,2.990507895854e-03,3.231548549928e-03,2.696276141746e-08,-9.847642870733e-09,2.870481794689e-08,8.778698395894e-07,7.114641849505e-07,1.129972009267e-06,3.857500000000e-01
-7.867472329251e-04,1.135860664636e-03,1.381720180783e-03,2.846845080619e-08,-1.004387831167e-09,2.848616306595e-08,-4.936202333711e-07,2.993565927941e-06,3.033990425120e-06,3.888100000000e-01
5.912675768796e-03,2.871010825042e-03,6.572856145118e-03,2.636234642031e-08,-1.726235609884e-09,2.641880387462e-08,3.066139002718e-06,-5.674037516868e-06,6.449489136886e-06,3.918800000000e-01
-5.305540076162e-03,-2.198627320127e-02,2.261735981013e-02,2.868160602260e-08,2.281068710821e-08,3.664644553547e-08,-9.754168642167e-06,7.367553062111e-06,1.222393733716e-05,3.949400000000e-01
8.199719375896e-04,3.099357664073e-02,3.100442140991e-02,3.087537357006e-08,-1.032309140759e-08,3.255541290323e-08,1.509330667084e-05,2.072112504700e-06,1.523487960216e-05,3.980000000000e-01
4.440141118716e-03,-3.585800359513e-02,3.613185955611e-02,2.606428415626e-08,4.596302650920e-08,5.283887503026e-08,-1.683463543349e-05,-4.478026454477e-06,1.742003648404e-05,4.010600000000e-01
-6.048908724019e-03,1.148270970497e-02,1.297851759332e-02,2.756562181933e-08,4.084383820269e-09,2.786656953192e-08,9.537184798321e-06,6.840768309545e-06,1.173686520934e-05,4.041200000000e-01
-8.062323196028e-03,1.828941256397e-02,1.998758782976e-02,4.494278051594e-08,2.914922557218e-08,5.356800231446e-08,3.344477079201e-06,1.950815375069e-05,1.979276609506e-05,4.071800000000e-01
1.128639337512e-02,-5.133481955816e-03,1.239900449264e-02,1.777687490427e-08,5.766940332290e-08,6.034714045406e-08,-8.283363573522e-06,-1.676380508958e-05,1.869864361853e-05,4.102400000000e-01
5.516572058516e-03,-6.023923440620e-03,8.168244664262e-03,1.925177719003e-08,2.605812592527e-08,3.239840816632e-08,4.999922756146e-06,-1.032172348247e-05,1.146896696377e-05,4.133100000000e-01
-9.129564759419e-03,3.127470518525e-03,9.650389864698e-03,5.300179975768e-08,3.563057334898e-08,6.386492413469e-08,7.686995096311e-06,2.314137553809e-05,2.438469100493e-05,4.163700000000e-01
-6.754530661209e-03,8.985110169557e-03,1.124081354762e-02,5.595886316164e-08,9.679082382900e-08,1.118027635787e-07,-3.485577996863e-06,2.425978102620e-05,2.450890102415e-05,4.194300000000e-01
3.808613035977e-03,4.078573124018e-03,5.580348733348e-03,2.074454227051e-08,1.434324391119e-07,1.449248102417e-07,-1.172520296199e-05,1.596198254095e-06,1.183335258353e-05,4.224900000000e-01
7.542242124306e-03,-8.567778371438e-03,1.141456273730e-02,-1.966816027707e-08,1.480469466531e-07,1.493476981476e-07,-1.253178897519e-05,-1.295489805133e-05,1.802429245322e-05,4.255500000000e-01
3.069582416403e-03,-1.627563105303e-02,1.656256327944e-02,-4.528215890992e-08,1.253531898083e-07,1.332812669157e-07,-9.201115531873e-06,-1.149226303319e-05,1.472184216241e-05,4.286100000000e-01
-3.054077404418e-03,-1.200522378612e-02,1.238760618308e-02,-5.672725161284e-08,9.553861169270e-08,1.111107888538e-07,-4.774629825174e-06,-3.884594791385e-06,6.155255206788e-06,4.316800000000e-01
-5.371257634420e-03,1.166705392658e-03,5.496508896433e-03,-6.065002589257e-08,6.837171613199e-08,9.139538942202e-08,-3.016286325557e-07,5.101766578226e-07,5.926719616825e-07,4.347400000000e-01
-1.960307719316e-03,7.296400962914e-03,7.555148798404e-03,-6.361026504005e-08,4.898472677661e-08,8.028554836236e-08,1.111315022960e-06,-3.035855935580e-06,3.232869057331e-06,4.378000000000e-01
-3.703599083192e-03,1.458808400327e-02,1.505087509268e-02,-6.085870366392e-08,3.528736953975e-08,7.034898905235e-08,1.980802754856e-06,1.568355392768e-06,2.526522945012e-06,4.408600000000e-01
1.323781907311e-02,7.161365580331e-03,1.505074784811e-02,-6.911856219830e-08,1.822390560031e-08,7.148067134330e-08,4.019493175862e-06,-2.114973790302e-05,2.152830087947e-05,4.439200000000e-01
-1.074793161197e-02,-1.918091466190e-02,2.198693978713e-02,-5.632468837177e-08,3.222950112464e-08,6.489384610978e-08,-1.010074264742e-05,1.280467297976e-05,1.630903590492e-05,4.469800000000e-01
1.263145278427e-02,2.387110193171e-02,2.700709363991e-02,-7.222005880156e-08,-1.636080832948e-08,7.405007050972e-08,1.323016180733e-05,-2.224349293219e-05,2.588069085772e-05,4.500400000000e-01
-4.252210583990e-03,-3.162851552439e-02,3.191307395296e-02,-5.348971446566e-08,1.510225490618e-08,5.558082094454e-08,-1.138579972006e-05,7.922194449189e-06,1.387074620041e-05,4.531100000000e-01
-3.509703677614e-03,-1.556296433956e-02,1.595380452867e-02,-7.440864581999e-08,-3.533523139713e-09,7.449249867298e-08,-6.247182488367e-06,-5.618568795299e-06,8.402119039294e-06,4.561700000000e-01
-7.490589050027e-03,2.827385663423e-02,2.924927167109e-02,-5.911165400205e-08,-5.474318622555e-08,8.056676782013e-08,1.489634756951e-05,7.012620660647e-06,1.646444713441e-05,4.592300000000e-01
-2.550162545835e-03,1.097344425546e-02,1.126586915590e-02,-4.870355742916e-08,-2.501420265279e-08,5.475168345001e-08,-1.664001584950e-06,7.718608731556e-06,7.895937058106e-06,4.622900000000e-01
4.679542986993e-03,-9.181405824204e-03,1.030516062349e-02,-7.721342075807e-08,-1.695856974272e-08,7.905381352523e-08,-1.196929672982e-05,-1.497610971731e-05,1.917153949143e-05,4.653500000000e-01
1.489075029700e-03,1.722664063685e-03,2.277041044950e-03,-8.959456442618e-08,-7.940244800814e-08,1.197160587574e-07,1.843965420706e-06,-1.945396817261e-05,1.954116388892e-05,4.684100000000e-01
-2.023401935151e-03,2.092219568334e-02,2.101981036078e-02,-6.275227909129e-08,-1.420392822993e-07,1.552836316140e-07,1.566880299200e-05,-7.917021843000e-06,1.755535878484e-05,4.714700000000e-01
1.580435247798e-03,2.455190585192e-02,2.460272051083e-02,-2.288374660697e-08,-1.571227261490e-07,1.587804047459e-07,1.645766201925e-05,-1.466870327630e-06,1.652290373082e-05,4.745400000000e-01
6.726632514508e-03,1.058837225961e-02,1.254436973679e-02,6.884948323809e-09,-1.357231971857e-07,1.358977143580e-07,9.204239729632e-06,-2.061460091908e-06,9.432266255311e-06,4.776000000000e-01
7.030613059085e-03,-7.963845154242e-03,1.062319865329e-02,2.303841169950e-08,-1.048582233538e-07,1.073592819394e-07,1.854180833759e-06,-1.788771063044e-06,2.576371184489e-06,4.806600000000e-01
2.616085185864e-03,-1.808965886940e-02,1.827784614529e-02,3.048662469065e-08,-7.971635265602e-08,8.534712160235e-08,-2.029307525856e-06,2.218148597243e-06,3.006371938723e-06,4.837200000000e-01
-1.690544923788e-03,-1.490378966546e-02,1.499936293752e-02,3.361514775820e-08,-6.401362929335e-08,7.230299367323e-08,-1.899464045214e-06,6.419037249098e-06,6.694176787654e-06,4.867800000000e-01
-2.849469637739e-03,-8.628887512440e-03,9.087198518726e-03,3.360133269715e-08,-5.246038940984e-08,6.229881231658e-08,-1.474712541338e-06,6.794305030662e-06,6.952507312420e-06,4.898400000000e-01
-4.207044950040e-03,5.421873758309e-03,6.862648341763e-03,3.560703952231e-08,-4.655395124168e-08,5.860999607367e-08,1.720239700770e-06,8.998400419363e-06,9.161355507527e-06,4.929100000000e-01
5.043146167082e-03,9.080032670935e-04,5.124235864557e-03,2.969576714590e-08,-3.817291345282e-08,4.836331158906e-08,5.635344197086e-07,-5.407809804814e-06,5.437092782659e-06,4.959700000000e-01
-4.912555476007e-03,-2.541923522680e-04,4.919127469053e-03,3.787756479945e-08,-2.893086950124e-08,4.766240788330e-08,-4.519788350504e-07,9.894960905537e-06,9.905278198488e-06,4.990300000000e-01
7.029908001980e-03,5.549304999044e-04,7.051776682229e-03,2.778052902771e-08,-2.466047968687e-08,3.714696557521e-08,4.904593891630e-07,-9.082592833418e-06,9.095825580456e-06,5.020900000000e-01
1.547384372651e-03,-1.002068045887e-02,1.013944945525e-02,3.546380470422e-08,-2.068436174531e-08,4.105513688821e-08,1.984413341180e-07,1.584670612415e-06,1.597047248186e-06,5.051500000000e-01
-3.795207971783e-03,-1.820414223743e-02,1.859554780451e-02,3.563098709470e-08,-1.264420473930e-09,3.565341499040e-08,-6.027214389902e-06,7.660218377869e-06,9.747115414238e-06,5.082100000000e-01
-2.790909211107e-03,-4.820744447410e-03,5.570345703084e-03,2.824827473517e-08,-6.840495450819e-09,2.906471062175e-08,-5.543953811243e-07,2.562252028885e-06,2.621543380938e-06,5.112700000000e-01
-3.296567393054e-03,4.110009232522e-03,5.268731580595e-03,3.490463135359e-08,-1.249707601183e-08,3.707438736885e-08,4.229248431862e-06,6.716084389706e-06,7.936770869066e-06,5.143400000000e-01
-4.756925620160e-03,1.821511570245e-03,5.093745749080e-03,4.250503750472e-08,6.445978515564e-09,4.299103223116e-08,3.128042517638e-07,1.247015639420e-05,1.247407900391e-05,5.174000000000e-01
-5.481982683709e-03,2.527956964363e-03,6.036778988679e-03,3.694555701054e-08,2.955820102586e-08,4.731449493236e-08,-3.793262698898e-06,1.186800186316e-05,1.245946668710e-05,5.204600000000e-01
-4.739185574084e-03,1.054987800963e-02,1.156545744550e-02,2.340450189839e-08,3.758959591422e-08,4.428033909204e-08,-3.121233321223e-06,7.242906337321e-06,7.886811120898e-06,5.235200000000e-01
-2.438359201828e-03,1.873985306803e-02,1.889782232451e-02,1.128649169382e-08,3.291723749214e-08,3.479841115436e-08,-2.661409065490e-07,1.884721719346e-06,1.903419801703e-06,5.265800000000e-01
3.810369656183e-04,2.082842967943e-02,2.083191474830e-02,4.045638839925e-09,2.502819272646e-08,2.535305947565e-08,1.505243349097e-06,-2.562874177427e-06,2.972218294359e-06,5.296400000000e-01
2.464643407407e-03,1.692088124145e-02,1.709943534486e-02,7.871462808631e-10,1.900304873116e-08,1.901934437215e-08,1.541362617930e-06,-5.017574854738e-06,5.248986201435e-06,5.327100000000e-01
3.149571331095e-03,1.096836472763e-02,1.141160919274e-02,-2.509868042740e-10,1.525225645353e-08,1.525432139757e-08,8.448734261621e-07,-5.162301960678e-06,5.230981995711e-06,5.357700000000e-01
2.445768190493e-03,6.501952275942e-03,6.946737755253e-03,-3.239501663009e-10,1.268028333576e-08,1.268442072723e-08,3.601087338826e-07,-3.777327574923e-06,3.794454098878e-06,5.388300000000e-01
1.095614307211e-03,4.700654989009e-03,4.826647701652e-03,-1.308774119796e-10,1.052402725127e-08,1.052484101935e-08,2.833302365165e-07,-2.152010198720e-06,2.170581470095e-06,5.418900000000e-01
2.678549806056e-04,4.816347554664e-03,4.823790009728e-03,-1.213801394461e-11,8.627782676505e-09,8.627791214695e-09,3.861524128478e-07,-1.189621765003e-06,1.250725241497e-06,5.449500000000e-01
4.738230630944e-04,5.313728914561e-03,5.334812393380e-03,-4.996470791420e-11,7.126188767092e-09,7.126363926735e-09,5.005162851900e-07,-1.015686827255e-06,1.132314568837e-06,5.480100000000e-01
9.607452416537e-04,4.840650815456e-03,4.935071603992e-03,-1.502357782808e-10,6.138325499266e-09,6.140163737557e-09,5.367720003954e-07,-1.233192486536e-06,1.344949028498e-06,5.510700000000e-01
9.220948030977e-04,2.996764889712e-03,3.135420008565e-03,-2.013184866875e-10,5.626215880375e-09,5.629816539255e-09,3.404142463164e-07,-1.373993515851e-06,1.415535248835e-06,5.541400000000e-01
6.436672165643e-04,4.407071092653e-04,7.800834838892e-04,-1.829500016711e-10,5.411929898720e-09,5.415021323298e-09,-8.725939198684e-08,-1.109428988260e-06,1.112855283261e-06,5.572000000000e-01
3.592972564851e-04,-1.972530099098e-03,2.004986162138e-03,-1.034848512958e-10,5.293280935657e-09,5.294292415256e-09,-4.627948085439e-07,-2.972285214768e-07,5.500216621139e-07,5.602600000000e-01
-5.089514575838e-04,-3.816943183990e-03,3.850725497356e-03,5.203154547766e-11,5.130849167241e-09,5.131112984402e-09,-6.408415546877e-07,9.429082267814e-07,1.140067463945e-06,5.633200000000e-01
-1.796418694397e-03,-4.767334935945e-03,5.094565979263e-03,2.454156761008e-10,4.848951414735e-09,4.855157945580e-09,-7.485546182604e-07,2.309940692436e-06,2.428200984081e-06,5.663800000000e-01
-2.598834334325e-03,-4.604347900932e-03,5.287150413037e-03,3.993485960170e-10,4.430631871508e-09,4.448592820428e-09,-7.578968098875e-07,3.568805358793e-06,3.648394066352e-06,5.694400000000e-01
-3.111873350231e-03,-3.688652672815e-03,4.825962524569e-03,5.079369032197e-10,3.925355841391e-09,3.958082664523e-09,-5.575078164411e-07,4.588663106440e-06,4.622406739978e-06,5.725100000000e-01
-3.796369061120e-03,-2.543514110116e-03,4.569669799514e-03,5.911104450726e-10,3.404649288017e-09,3.455582198801e-09,-3.180579040539e-07,5.244286850316e-06,5.253922858087e-06,5.755700000000e-01
-4.055092929198e-03,-1.324671309181e-03,4.265973832761e-03,6.181245911611e-10,2.916333979657e-09,2.981120911855e-09,-1.752915179877e-07,5.504318194774e-06,5.507108670219e-06,5.786300000000e-01
-3.782940744525e-03,-2.509664902936e-04,3.791256369047e-03,5.881589372164e-10,2.499112999057e-09,2.567391033225e-09,-1.986967304353e-08,5.468254001076e-06,5.468290100588e-06,5.816900000000e-01
-3.603256011766e-03,3.438144358392e-04,3.619621838344e-03,5.442927235669e-10,2.184465836047e-09,2.251254218826e-09,1.225182172341e-07,5.215984605996e-06,5.217423322248e-06,5.847500000000e-01
-3.369529559686e-03,4.701152307294e-04,3.402166630805e-03,4.908958323274e-10,1.973687545964e-09,2.033819374303e-09,1.511954843579e-07,4.803074820697e-06,4.805453964789e-06,5.878100000000e-01
-2.947804448511e-03,2.144382656783e-04,2.955593821290e-03,4.262561655995e-10,1.853352181173e-09,1.901738316954e-09,1.308890914858e-07,4.321658238088e-06,4.323639887999e-06,5.908700000000e-01
-2.645707284166e-03,-4.233306143746e-04,2.679361088498e-03,3.671329192520e-10,1.808844534202e-09,1.845726179397e-09,6.625456505586e-08,3.826413345502e-06,3.826986903299e-06,5.939400000000e-01
-2.227853136800e-03,-1.265441108557e-03,2.562161352916e-03,3.066127515209e-10,1.816907301898e-09,1.842596950797e-09,-4.897348286194e-08,3.349616803104e-06,3.349974795377e-06,5.970000000000e-01
-1.816273296022e-03,-2.253416942636e-03,2.894259249480e-03,2.556273487408e-10,1.861527987315e-09,1.878997548956e-09,-1.192948176689e-07,2.934803230225e-06,2.937226796429e-06,6.000600000000e-01
-1.807550374326e-03,-3.412494943336e-03,3.861652508192e-03,2.307349418594e-10,1.930782266058e-09,1.944520190771e-09,-2.290027473140e-07,2.556310275696e-06,2.566547191053e-06,6.031200000000e-01
-1.535876857018e-03,-4.459447349915e-03,4.716522912760e-03,1.944718121357e-10,2.000021875318e-09,2.009454350680e-09,-4.178869842261e-07,2.198288659769e-06,2.237655595317e-06,6.061800000000e-01
-1.014806963841e-03,-5.360302587837e-03,5.455518032876e-03,1.503050775587e-10,2.062087272036e-09,2.067557867107e-09,-4.849526818500e-07,1.913440903994e-06,1.973939005317e-06,6.092400000000e-01
-1.122431524809e-03,-6.355422104850e-03,6.453777394573e-03,1.426003278910e-10,2.125053403547e-09,2.129832580613e-09,-5.194560808066e-07,1.659001937675e-06,1.738425163502e-06,6.123000000000e-01
-1.109012128666e-03,-7.183290700771e-03,7.268395503363e-03,1.287520378845e-10,2.171783089889e-09,2.175596211797e-09,-6.886581097537e-07,1.371552840154e-06,1.534733587782e-06,6.153700000000e-01
-5.218782666914e-04,-7.699363648629e-03,7.717030356236e-03,8.522191384434e-11,2.193438265703e-09,2.195093209878e-09,-7.543168183527e-07,1.115767869879e-06,1.346822854686e-06,6.184300000000e-01
-5.116295949765e-04,-8.258154475196e-03,8.273988166456e-03,7.181405721464e-11,2.207770483006e-09,2.208938153151e-09,-7.135591473513e-07,8.819946923779e-07,1.134496052947e-06,6.214900000000e-01
-6.279749393975e-04,-8.707015772313e-03,8.729632076085e-03,6.460547697121e-11,2.206200181199e-09,2.207145918869e-09,-8.135038850718e-07,5.872159811078e-07,1.003300144272e-06,6.245500000000e-01
-6.351861210732e-05,-8.790064471775e-03,8.790293967328e-03,2.142785267668e-11,2.174828071103e-09,2.174933629269e-09,-8.621135154154e-07,2.893122496933e-07,9.093631239964e-07,6.276100000000e-01
8.776632717541e-05,-8.839564053605e-03,8.839999750338e-03,-1.879312168184e-12,2.130053948632e-09,2.130054777675e-09,-7.747298801314e-07,1.464342200239e-08,7.748682578196e-07,6.306700000000e-01
-3.681357945724e-05,-8.798706391245e-03,8.798783404481e-03,-1.116309952922e-11,2.068785684705e-09,2.068815802345e-09,-8.041977624630e-07,-3.104012319616e-07,8.620226017650e-07,6.337400000000e-01
4.762843633486e-04,-8.377382066396e-03,8.390910384525e-03,-5.240962873728e-11,1.975983946165e-09,1.976678862306e-09,-8.147577428074e-07,-6.343310557579e-07,1.032572548426e-06,6.368000000000e-01
6.765304735156e-04,-7.867456254349e-03,7.896490448021e-03,-7.772528356402e-11,1.866336558619e-09,1.867954327532e-09,-6.878479877346e-07,-9.086239103684e-07,1.139619350803e-06,6.398600000000e-01
5.248315381112e-04,-7.283107232592e-03,7.301992817364e-03,-8.394015782092e-11,1.741592997709e-09,1.743614670667e-09,-6.616521657003e-07,-1.191768029651e-06,1.363119446298e-06,6.429200000000e-01
9.513496975182e-04,-6.356011547756e-03,6.426814844242e-03,-1.168864887550e-10,1.590100233082e-09,1.594390542653e-09,-6.361028440307e-07,-1.435806064973e-06,1.570403096150e-06,6.459800000000e-01
1.110125931786e-03,-5.381640972047e-03,5.494946690955e-03,-1.337921168955e-10,1.429344006203e-09,1.435592079462e-09,-4.772440451853e-07,-1.584218895448e-06,1.654542652022e-06,6.490400000000e-01
8.415636091731e-04,-4.452525697547e-03,4.531359000962e-03,-1.261542561282e-10,1.267664136781e-09,1.273925924071e-09,-4.173890068214e-07,-1.696053205822e-06,1.746656823762e-06,6.521000000000e-01
1.118359344171e-03,-3.327594088956e-03,3.510499970595e-03,-1.425934062799e-10,1.097377221262e-09,1.106602749526e-09,-3.866542518393e-07,-1.741015312123e-06,1.783433718284e-06,6.551700000000e-01
1.202556600198e-03,-2.304412690268e-03,2.599319184661e-03,-1.459932194984e-10,9.382134975350e-10,9.495043902460e-10,-2.285388464973e-07,-1.670256936213e-06,1.685819752324e-06,6.582300000000e-01
7.902838557425e-04,-1.539845298302e-03,1.730801003972e-03,-1.214293108651e-10,8.025822599708e-10,8.117163060805e-10,-1.683879521406e-07,-1.561069182954e-06,1.570124675430e-06,6.612900000000e-01
9.085268370323e-04,-7.727017388490e-04,1.192681428894e-03,-1.215770598853e-10,6.809376924001e-10,6.917059508357e-10,-1.733531522666e-07,-1.417570267009e-06,1.428130518303e-06,6.643500000000e-01
9.742335963131e-04,-2.266092503928e-04,1.000241397138e-03,-1.178320170973e-10,5.868576519535e-10,5.985702029918e-10,-5.660709031949e-08,-1.204253762923e-06,1.205583463800e-06,6.674100000000e-01
5.142205444187e-04,-5.849082138686e-05,5.175364185145e-04,-8.716122475600e-11,5.286916479979e-10,5.358282726431e-10,-2.190118721406e-08,-1.011179199331e-06,1.011416351045e-06,6.704700000000e-01
5.661272429672e-04,7.124942040879e-05,5.705931432625e-04,-8.306419354754e-11,4.875180146562e-10,4.945437036946e-10,-7.590867557822e-08,-8.663686608124e-07,8.696877505553e-07,6.735400000000e-01
7.188143306674e-04,7.897343751490e-05,7.231395756047e-04,-8.570201612863e-11,4.637493507770e-10,4.716018404487e-10,-6.355597207039e-09,-7.274025001368e-07,7.274302652634e-07,6.766000000000e-01
3.440629856907e-04,-1.533059130921e-04,3.766723259165e-04,-6.366696539355e-11,4.580774190487e-10,4.624807069757e-10,1.462205410845e-08,-6.631450471579e-07,6.633062324721e-07,6.796600000000e-01
4.265032890018e-04,-2.319124354428e-04,4.854775311406e-04,-6.626341304102e-11,4.446641608467e-10,4.495743051480e-10,-5.354912913344e-08,-6.886425337632e-07,6.907213971920e-07,6.827200000000e-01
6.867096346112e-04,-1.580914555424e-04,7.046722859481e-04,-7.945833707902e-11,4.175744620287e-10,4.250671225465e-10,8.051485996596e-09,-7.265127894462e-07,7.265574028635e-07,6.857800000000e-01
4.074874475788e-04,-7.801770939720e-05,4.148888802003e-04,-6.630338615836e-11,3.797853365252e-10,3.855295589908e-10,5.269759365846e-08,-7.993182993266e-07,8.010535437883e-07,6.888400000000e-01
4.847592135302e-04,3.224696492309e-04,5.822183179680e-04,-6.962298074801e-11,3.138721925234e-10,3.215013416577e-10,1.674061733670e-08,-8.929026594358e-07,8.930595766780e-07,6.919000000000e-01
7.088402568086e-04,9.703467085651e-04,1.201676846950e-03,-7.872292914408e-11,2.243679722473e-10,2.377778091904e-10,1.010015735283e-07,-9.082894261347e-07,9.138878484165e-07,6.949700000000e-01
3.915894637446e-04,1.599850743900e-03,1.647077627458e-03,-5.822577820463e-11,1.291538132760e-10,1.416719758148e-10,1.709920794517e-07,-8.514799836155e-07,8.684793916571e-07,6.980300000000e-01
3.392250175538e-04,2.351740103331e-03,2.376079781099e-03,-4.624808741506e-11,2.913251424589e-11,5.465884169865e-11,1.587225673798e-07,-7.181675679680e-07,7.354981366915e-07,7.010900000000e-01
3.678186222482e-04,3.034947461051e-03,3.057154989563e-03,-3.543731055132e-11,-5.744291188476e-11,6.749437832080e-11,2.298867379422e-07,-4.504274316478e-07,5.057002901547e-07,7.041500000000e-01
-4.967488502179e-05,3.344420846426e-03,3.344789738116e-03,-2.380390867745e-13,-1.058890968336e-10,1.058893643897e-10,2.623116940669e-07,-9.855261350860e-08,2.802142795676e-07,7.072100000000e-01
-2.146053748684e-04,3.362899290060e-03,3.369739916077e-03,2.485461829586e-11,-1.121866873096e-10,1.149069399999e-10,2.111260440544e-07,2.872719775797e-07,3.565100217114e-07,7.102700000000e-01
-3.086619057858e-04,2.962084492908e-03,2.978123018817e-03,4.437329833679e-11,-6.672552686941e-11,8.013292420277e-11,2.031110137870e-07,6.906553732249e-07,7.199020270050e-07,7.133400000000e-01
-6.291609572575e-04,2.043285387935e-03,2.137956661554e-03,7.161964251616e-11,3.453885739112e-11,7.951292891113e-11,1.468625557424e-07,1.019934027630e-06,1.030453313352e-06,7.164000000000e-01
-6.717528529780e-04,8.336971094811e-04,1.070655297396e-03,8.093393795189e-11,1.739434047447e-10,1.918504896178e-10,3.891146578561e-08,1.208534346071e-06,1.209160604636e-06,7.194600000000e-01
-6.198136815873e-04,-5.553183765985e-04,8.321943879112e-04,7.735645743377e-11,3.332419944404e-10,3.421026868724e-10,-3.527613059913e-08,1.232380117936e-06,1.232884893440e-06,7.225200000000e-01
-5.834233801506e-04,-1.943646662554e-03,2.029321361777e-03,6.774953483281e-11,4.884969463820e-10,4.931726534334e-10,-1.194760478809e-07,1.055004896111e-06,1.061748490385e-06,7.255800000000e-01
-3.634125711466e-04,-3.025685636910e-03,3.047432078041e-03,4.337789964320e-11,6.081019645185e-10,6.096471450181e-10,-1.937244202165e-07,6.902774432349e-07,7.169463715141e-07,7.286400000000e-01
-8.697021120280e-05,-3.606497337226e-03,3.607545822447e-03,1.060828172830e-11,6.674370011053e-10,6.675213000988e-10,-2.244638174440e-07,1.962481997374e-07,2.981566052290e-07,7.317000000000e-01
2.080884145244e-04,-3.550194997224e-03,3.556288136045e-03,-2.323861029792e-11,6.512389447518e-10,6.516534325622e-10,-2.113703429955e-07,-3.481791451625e-07,4.073157731099e-07,7.347700000000e-01
4.202646103995e-04,-2.830725679370e-03,2.861752996783e-03,-5.095135231471e-11,5.562725338068e-10,5.586010850066e-10,-1.620473190338e-07,-8.488226302201e-07,8.641522962880e-07,7.378300000000e-01
6.223203963446e-04,-1.501905818577e-03,1.625731762494e-03,-7.311012599357e-11,3.923217210164e-10,3.990757112429e-10,-9.206573130404e-08,-1.207216142902e-06,1.210721650325e-06,7.408900000000e-01
7.279444575235e-04,1.933982672360e-04,7.531972006115e-04,-8.105612716387e-11,1.872954611183e-10,2.040825458150e-10,2.871825217855e-08,-1.332446010954e-06,1.332755457733e-06,7.439500000000e-01
5.322405620282e-04,1.901258021033e-03,1.974351052475e-03,-6.606793968413e-11,-2.065077077345e-11,6.922013426485e-11,1.283750181782e-07,-1.200401538409e-06,1.207246453176e-06,7.470100000000e-01
4.190884748083e-04,3.381820814458e-03,3.407689418187e-03,-4.588698308939e-11,-1.956791242977e-10,2.009873998612e-10,1.918295921586e-07,-8.162812341132e-07,8.385187210750e-07,7.500700000000e-01
1.333264773991e-04,4.227539760575e-03,4.229641636926e-03,-1.051456744265e-11,-2.968274307461e-10,2.970136019981e-10,2.696627316605e-07,-2.242596062516e-07,3.507283276879e-07,7.531400000000e-01
-3.539190881983e-04,4.209928157558e-03,4.224778551923e-03,3.551857576614e-11,-2.994864534219e-10,3.015853196157e-10,2.435130788461e-07,4.381254795262e-07,5.012509904022e-07,7.562000000000e-01
-4.816694552040e-04,3.400958964788e-03,3.434898447443e-03,6.340153795310e-11,-2.030160577048e-10,2.126858591934e-10,1.760354822563e-07,1.058310936757e-06,1.072851587999e-06,7.592600000000e-01
-7.819991440481e-04,1.747661951416e-03,1.914639641739e-03,9.194378104203e-11,-1.456671449027e-11,9.309053680877e-11,1.138347778286e-07,1.511677662618e-06,1.515957688163e-06,7.623200000000e-01
-9.362108723324e-04,-3.749858788157e-04,1.008516339374e-03,1.025516426863e-10,2.274333485381e-10,2.494850044490e-10,-5.423830873670e-08,1.657837166832e-06,1.658724168108e-06,7.653800000000e-01
-6.124140449588e-04,-2.479259472701e-03,2.553777299500e-03,8.036003845162e-11,4.717248059005e-10,4.785206665148e-10,-1.649901261770e-07,1.484406497490e-06,1.493547585960e-06,7.684400000000e-01
-5.600087503890e-04,-4.313756951820e-03,4.349955038835e-03,5.825810197452e-11,6.742339375661e-10,6.767461924619e-10,-2.418123158931e-07,9.916460567433e-07,1.020703236975e-06,7.715000000000e-01
-1.217198001250e-04,-5.277933216469e-03,5.279336582114e-03,1.118451329765e-11,7.802108860451e-10,7.802910482897e-10,-3.441278010304e-07,2.446244779512e-07,4.222144936581e-07,7.745700000000e-01
4.357326681464e-04,-5.179654115207e-03,5.197949567981e-03,-4.318877691953e-11,7.636234651547e-10,7.648438186889e-10,-2.881951584605e-07,-5.682695322109e-07,6.371708645248e-07,7.776300000000e-01
5.416335642066e-04,-4.098230665216e-03,4.133867620424e-03,-7.504642489679e-11,6.252227847778e-10,6.297106450546e-10,-2.265620784847e-07,-1.319754221326e-06,1.339059961359e-06,7.806900000000e-01
1.018477558718e-03,-1.978648222218e-03,2.225386556286e-03,-1.130348200946e-10,3.775318386450e-10,3.940902938979e-10,-1.342638585450e-07,-1.833958276313e-06,1.838866428800e-06,7.837500000000e-01
1.026227651985e-03,5.627024702450e-04,1.170374838980e-03,-1.172281954718e-10,7.644216864110e-11,1.399494728826e-10,7.456360411664e-08,-1.963041867706e-06,1.964457458288e-06,7.868100000000e-01
7.144324105937e-04,3.055444657390e-03,3.137858461385e-03,-9.334157399182e-11,-2.192649376579e-10,2.383060266158e-10,1.703095219610e-07,-1.713397515594e-06,1.721840985607e-06,7.898700000000e-01
6.941434708506e-04,5.097925080524e-03,5.144966013956e-03,-6.803471071049e-11,-4.522110121417e-10,4.573002529670e-10,2.938697178020e-07,-1.077756372929e-06,1.117102596197e-06,7.929300000000e-01
-1.266056106843e-05,5.966493072815e-03,5.966506505298e-03,-5.483981528442e-12,-5.597704954190e-10,5.597973576170e-10,3.803183692594e-07,-1.935619074645e-07,4.267414603919e-07,7.960000000000e-01
-4.116419212588e-04,5.675013066262e-03,5.689922879405e-03,4.556530493560e-11,-5.255953728696e-10,5.275667663868e-10,2.925499172810e-07,7.263301845229e-07,7.830331992005e-07,7.990600000000e-01
-6.195134909133e-04,4.176303943797e-03,4.222003268165e-03,8.348157485374e-11,-3.506119220095e-10,3.604135030701e-10,2.600203872571e-07,1.538297279156e-06,1.560118303478e-06,8.021200000000e-01
-1.192962755653e-03,1.629491240406e-03,2.019505345112e-03,1.242814174754e-10,-6.513937807886e-11,1.403175302883e-10,1.007512463314e-07,2.007142903450e-06,2.009669984975e-06,8.051800000000e-01
-9.008057874730e-04,-1.125350317267e-03,1.441479935107e-03,1.131980544930e-10,2.571417316102e-10,2.809549246347e-10,-1.001151436563e-07,2.043296243204e-06,2.045747437853e-06,8.082400000000e-01
-7.904627263148e-04,-3.774345512399e-03,3.856230720362e-03,9.369794498375e-11,5.569819236178e-10,5.648080807949e-10,-1.756207522817e-07,1.659193578910e-06,1.668462160472e-06,8.113000000000e-01
-5.949075737386e-04,-5.596365065216e-03,5.627896317849e-03,5.740922913311e-11,7.609267735393e-10,7.630893619221e-10,-3.425506228154e-07,8.708957953485e-07,9.358420890016e-07,8.143700000000e-01
2.382083759077e-04,-6.032606368014e-03,6.037307580516e-03,-1.188060876349e-11,8.165341263876e-10,8.166205535131e-10,-3.503435275786e-07,-7.843048561532e-08,3.590152202764e-07,8.174300000000e-01
3.567515301565e-04,-5.329849842973e-03,5.341776015793e-03,-5.089542660465e-11,7.244747413164e-10,7.262602806534e-10,-2.703386609323e-07,-1.006830105228e-06,1.042492135408e-06,8.204900000000e-01
8.388929202830e-04,-3.263699184660e-03,3.369788376093e-03,-9.593935648435e-11,4.889185303263e-10,4.982426009677e-10,-2.282105261469e-07,-1.730745228198e-06,1.745725949047e-06,8.235500000000e-01
1.110163008652e-03,-4.880468996819e-04,1.212704284675e-03,-1.180708098595e-10,1.717338708891e-10,2.084064263679e-10,-4.891665917066e-09,-2.003632299164e-06,2.003638270409e-06,8.266100000000e-01
7.058699826011e-04,2.184018306730e-03,2.295253449288e-03,-9.660706491881e-11,-1.473732811436e-10,1.762152348330e-10,1.128677427385e-07,-1.852096905349e-06,1.855532827560e-06,8.296700000000e-01
8.113580653662e-04,4.566650961315e-03,4.638168055679e-03,-7.968613717509e-11,-4.129391920124e-10,4.205575546316e-10,2.277696827884e-07,-1.275752895260e-06,1.295926108295e-06,8.327300000000e-01
1.131693093385e-04,5.649405386372e-03,5.650538780695e-03,-2.039041803496e-11,-5.445559325270e-10,5.449375494477e-10,3.524206979488e-07,-3.758575572210e-07,5.152370829656e-07,8.358000000000e-01
-3.201650420023e-04,5.369215528969e-03,5.378752741170e-03,2.958588422484e-11,-5.212791802484e-10,5.221180980447e-10,2.533578935474e-07,5.338496037069e-07,5.909193021054e-07,8.388600000000e-01
-3.870795944547e-04,4.027823008893e-03,4.046379715673e-03,6.149583397859e-11,-3.610093197816e-10,3.662095937655e-10,2.537862975249e-07,1.329185667533e-06,1.353196964077e-06,8.419200000000e-01
-1.147102339474e-03,1.501135364162e-03,1.889246187971e-03,1.090115121468e-10,-8.584942314913e-11,1.387574619095e-10,1.065441930768e-07,1.788328267974e-06,1.791499276894e-06,8.449800000000e-01
-6.789019106939e-04,-1.138924386345e-03,1.325917253132e-03,8.972190566692e-11,2.167668621225e-10,2.346015619534e-10,-1.101116382473e-07,1.764778892898e-06,1.768210709643e-06,8.480400000000e-01
-5.669021630701e-04,-3.413658491380e-03,3.460410721037e-03,7.222821106420e-11,4.783137444878e-10,4.837364495668e-10,-1.086408033104e-07,1.363058631739e-06,1.367381313937e-06,8.511000000000e-01
-6.320693866903e-04,-4.923321528147e-03,4.963729100092e-03,5.035428193688e-11,6.416762429193e-10,6.436489372604e-10,-2.936568415414e-07,6.090991800114e-07,6.761923924998e-07,8.541700000000e-01
4.338472647525e-04,-4.940678807873e-03,4.959690568140e-03,-2.408407304746e-11,6.543506727943e-10,6.547937427625e-10,-2.957740019183e-07,-2.565686455311e-07,3.915478643543e-07,8.572300000000e-01
3.219115806274e-04,-3.943628580193e-03,3.956745309501e-03,-4.594406851836e-11,5.345312528662e-10,5.365021134373e-10,-1.511707575222e-07,-1.003777951962e-06,1.015097421322e-06,8.602900000000e-01
5.780892699456e-04,-1.892365944480e-03,1.978695548045e-03,-7.240191408214e-11,3.031295966355e-10,3.116562040441e-10,-1.690420266744e-07,-1.513806092530e-06,1.523215051319e-06,8.633500000000e-01
9.896232549085e-04,6.201401686032e-04,1.167873287378e-03,-9.465735484790e-11,2.509869935505e-11,9.792833877952e-11,3.729015659695e-08,-1.564340627845e-06,1.564785019006e-06,8.664100000000e-01
3.779338375505e-04,2.589878712157e-03,2.617308871580e-03,-6.036754569005e-11,-2.146166342223e-10,2.229451507827e-10,1.476822176878e-07,-1.253007302826e-06,1.261680362991e-06,8.694700000000e-01
4.396594931394e-04,4.152888237555e-03,4.176096404961e-03,-4.071164512062e-11,-3.819681917897e-10,3.841316669939e-10,1.791453709761e-07,-6.496318467383e-07,6.738802566026e-07,8.725300000000e-01
-6.057857209785e-05,4.357467435040e-03,4.357888503718e-03,3.140541347027e-12,-4.127825801613e-10,4.127945269557e-10,2.600559016053e-07,1.561069797266e-07,3.033124809155e-07,8.756000000000e-01
-4.081000654218e-04,3.330903152516e-03,3.355810107088e-03,4.059317671704e-11,-3.119685742258e-10,3.145984699588e-10,1.569057504066e-07,7.957345463498e-07,8.110566458425e-07,8.786600000000e-01
-4.279460341877e-04,1.862647529856e-03,1.911175980556e-03,5.862922686770e-11,-1.311406972992e-10,1.436498128479e-10,1.253190852702e-07,1.241750475998e-06,1.248058138779e-06,8.817200000000e-01
-8.283740051391e-04,-4.580158080355e-04,9.465632428954e-04,7.706154308512e-11,1.123338587347e-10,1.362254647299e-10,-1.687276049116e-08,1.359681283800e-06,1.359785969762e-06,8.847800000000e-01
-2.702948091961e-04,-2.300197576420e-03,2.316024217154e-03,4.749599266896e-11,3.216092707319e-10,3.250975120488e-10,-1.262140649123e-07,1.027604429061e-06,1.035326447459e-06,8.878400000000e-01
-3.840607542181e-04,-3.287943162427e-03,3.310298008077e-03,3.666060875887e-11,4.462674830095e-10,4.477707746450e-10,-1.153390568110e-07,5.334138005379e-07,5.457411296855e-07,8.909000000000e-01
-9.252627556956e-05,-3.747973908285e-03,3.749115832948e-03,1.452069811299e-12,4.804082800241e-10,4.804104745136e-10,-2.560307164856e-07,-1.169904313516e-07,2.814933193025e-07,8.939700000000e-01
6.731444073009e-04,-2.750588415681e-03,2.831759175064e-03,-4.818894045067e-11,3.841059115206e-10,3.871169400154e-10,-1.137789483048e-07,-7.279349527824e-07,7.367733332306e-07,8.970300000000e-01
6.473280688257e-05,-1.242217177386e-03,1.243902669858e-03,-3.354935910367e-11,2.143126066882e-10,2.169226887206e-10,-3.729654534963e-08,-1.027669490767e-06,1.028346057778e-06,9.000900000000e-01
6.037877851998e-04,4.051929622146e-04,7.271458080638e-04,-6.035281554160e-11,2.069795289188e-11,6.380335099125e-11,-8.056292042810e-08,-1.095233756723e-06,1.098192772702e-06,9.031500000000e-01
6.552966384519e-04,2.090471711285e-03,2.190772845379e-03,-5.679827571648e-11,-1.584309292537e-10,1.683044962815e-10,1.645559302417e-07,-8.272023613992e-07,8.434111695265e-07,9.062100000000e-01
-2.046643374326e-04,2.825155032771e-03,2.832558640207e-03,-3.745029811013e-12,-2.550719966626e-10,2.550994879056e-10,1.441183948108e-07,-3.468336502637e-07,3.755844681002e-07,9.092700000000e-01
1.376384998179e-04,2.953214257652e-03,2.956419930969e-03,-9.675603244231e-13,-2.646203996065e-10,2.646221684986e-10,9.448892053199e-08,1.776771650705e-07,2.012394869075e-07,9.123300000000e-01
-2.531261119821e-04,2.086972412467e-03,2.102267033220e-03,2.566377232622e-11,-1.751399392378e-10,1.770102469527e-10,1.511632840355e-07,6.624339953553e-07,6.794623879530e-07,9.154000000000e-01
-4.362805588120e-04,6.598173260166e-04,7.910117759610e-04,4.494097524045e-11,-2.574422642812e-11,5.179243622331e-11,3.324259699115e-08,8.577190855806e-07,8.583630350987e-07,9.184600000000e-01
-3.418161364592e-04,-5.595040357642e-04,6.556546630509e-04,4.365079910898e-11,1.256762470305e-10,1.330410137158e-10,-3.816314321392e-09,8.523816779202e-07,8.523902211482e-07,9.215200000000e-01
-4.305577182792e-04,-1.964486400298e-03,2.011115801172e-03,3.603858949405e-11,2.656624849768e-10,2.680957587444e-10,-1.154547023751e-07,6.092719884301e-07,6.201146218129e-07,9.245800000000e-01
1.766965378085e-04,-2.426302629518e-03,2.432728122187e-03,-4.016277676984e-13,3.239648570644e-10,3.239651060186e-10,-1.159328114275e-07,1.379672371285e-07,1.802092541640e-07,9.276400000000e-01
-1.006289368908e-04,-2.102730798138e-03,2.105137285874e-03,-1.077317376568e-12,2.983560047726e-10,2.983579497795e-10,-6.242093094793e-08,-2.505755040591e-07,2.582333360643e-07,9.307000000000e-01
2.170854770151e-04,-1.519384474847e-03,1.534814414429e-03,-2.520811178509e-11,2.181944705099e-10,2.196457963651e-10,-1.383881749886e-07,-5.897507697616e-07,6.057699707076e-07,9.337700000000e-01
5.272176931300e-04,-1.372281707586e-04,5.447844223169e-04,-4.282887078408e-11,8.029716896727e-11,9.100520598734e-11,2.190075223484e-08,-7.394607428392e-07,7.397849911621e-07,9.368300000000e-01
-2.638313999797e-05,9.167552765203e-04,9.171348358360e-04,-2.064927235309e-11,-4.407429061326e-11,4.867171192566e-11,2.214116346268e-08,-6.030464820773e-07,6.034528073224e-07,9.398900000000e-01
5.106374158514e-04,1.614681634085e-03,1.693501505733e-03,-3.363021475535e-11,-1.302019538028e-10,1.344750538894e-10,5.188187942563e-08,-3.795121571163e-07,3.830420431386e-07,9.429500000000e-01
-1.568923187917e-04,2.064600414497e-03,2.070553083414e-03,6.407379043242e-12,-1.679186266955e-10,1.680408274721e-10,1.739723389176e-07,-5.848767829263e-09,1.740706258781e-07,9.460100000000e-01
-3.300384993525e-04,1.492685619190e-03,1.528736657764e-03,2.122512788261e-11,-1.214989300204e-10,1.233389478216e-10,-1.813631144171e-08,3.469162990927e-07,3.473900464448e-07,9.490700000000e-01
2.764806053972e-04,7.327921503898e-04,7.832150795495e-04,1.335824337115e-12,-3.548607981514e-11,3.551121354314e-11,7.052552540918e-08,5.132351579546e-07,5.180580827426e-07,9.521300000000e-01
-6.189022044201e-04,-1.675586680697e-04,6.411831609465e-04,4.288895608192e-11,6.654829421763e-11,7.917157328911e-11,6.186894787440e-08,5.670428053285e-07,5.704080204432e-07,9.552000000000e-01
-1.818607539349e-04,-1.079504221389e-03,1.094715806874e-03,2.455307858143e-11,1.608437195987e-10,1.627069629800e-10,-1.210406912499e-07,4.177246026053e-07,4.349076828017e-07,9.582600000000e-01
6.925284167012e-05,-1.439706586759e-03,1.441371226311e-03,1.087037445048e-12,2.091901017274e-10,2.091929260543e-10,-4.232709255874e-08,1.692912683077e-07,1.745024821879e-07,9.613200000000e-01
-4.983134419938e-05,-1.541473892332e-03,1.542279132844e-03,-2.368586594772e-12,2.111291955470e-10,2.111424813124e-10,-7.563913589602e-08,-1.218985543644e-07,1.434591803798e-07,9.643800000000e-01
2.530972353928e-04,-9.093155505952e-04,9.438818682005e-04,-1.622044660717e-11,1.516431638989e-10,1.525082032070e-10,-2.236251506939e-08,-3.714411468326e-07,3.721137025702e-07,9.674400000000e-01
-8.679454135214e-05,-1.749379656471e-04,1.952859038264e-04,-8.547404913295e-12,7.082542620347e-11,7.133932385196e-11,-2.923615982218e-08,-4.247880802232e-07,4.257929850771e-07,9.705000000000e-01
4.129046170653e-04,4.158092996555e-04,5.859928297120e-04,-3.148568703388e-11,-5.179140801836e-12,3.190880736475e-11,-3.282775819696e-08,-4.080034595632e-07,4.093219817256e-07,9.735600000000e-01
1.829594395309e-04,1.127690719451e-03,1.142436219335e-03,-1.654287342170e-11,-7.243947074360e-11,7.430439813806e-11,1.192355057482e-07,-2.450531109994e-07,2.725218028737e-07,9.766300000000e-01
-2.659792955783e-04,1.180069811668e-03,1.209673404720e-03,1.186059651030e-11,-8.886497850224e-11,8.965298742252e-11,3.529075089016e-08,1.837765736483e-09,3.533856931589e-08,9.796900000000e-01
1.157180733657e-04,9.855447849834e-04,9.923150687717e-04,4.566646440111e-13,-6.591661015890e-11,6.591819200674e-11,1.646570428300e-08,1.955559705130e-07,1.962479478130e-07,9.827500000000e-01
-1.598490351599e-04,4.523722720643e-04,4.797836872740e-04,1.316060089583e-11,-9.636380977684e-12,1.631138419284e-11,5.367694106442e-08,3.421308232381e-07,3.463159167748e-07,9.858100000000e-01
-1.555255943195e-04,-2.122572337313e-04,2.631374997215e-04,1.610956267112e-11,5.876485349179e-11,6.093296329054e-11,-1.740784130050e-08,3.344690038218e-07,3.349217034715e-07,9.888700000000e-01
-5.270750883408e-05,-6.176711539074e-04,6.199159103111e-04,1.235194271522e-11,1.101667292876e-10,1.108570193121e-10,1.047435677247e-09,2.469625838021e-07,2.469648050223e-07,9.919300000000e-01
-2.640165391263e-04,-9.559146114232e-04,9.917043295582e-04,1.453405335845e-11,1.420613023962e-10,1.428028443187e-10,-6.232237989030e-08,9.078662515519e-08,1.101194367142e-07,9.950000000000e-01
2.767560468642e-04,-8.843439206718e-04,9.266380520490e-04,-1.571006079189e-11,1.366174864629e-10,1.375177938215e-10,-7.721085702276e-08,-9.975271689618e-08,1.261432557466e-07,9.980600000000e-01
